Calciatore,Ruolo,Fantamedia,Presenze,Gf,Gs,Rp,Rs,Au,Amm,Esp,FM_su_Totale_Gare
Abildgaard,C,0.0,1,0.0,0.0,0.0,0.0,0.0,0.0,0.0,0.0
Abraham,A,5.83,3,0.0,0.0,0.0,0.0,0.0,0.0,0.0,4.37
Acerbi,D,5.83,3,0.0,0.0,0.0,0.0,0.0,0.0,0.0,4.37
Adams C.,A,7.0,4,1.0,0.0,0.0,0.0,0.0,1.0,0.0,7.0
Adli,C,6.0,1,0.0,0.0,0.0,0.0,0.0,0.0,0.0,1.5
Adopo,C,5.83,3,0.0,0.0,0.0,0.0,0.0,0.0,0.0,4.37
Aebischer,C,5.75,4,0.0,0.0,0.0,0.0,0.0,0.0,0.0,5.75
Alidou,C,5.5,2,0.0,0.0,0.0,0.0,0.0,0.0,0.0,2.75
Almqvist,A,6.25,4,0.0,0.0,0.0,0.0,0.0,0.0,0.0,6.25
Altare,D,5.33,3,0.0,0.0,0.0,0.0,1.0,1.0,0.0,4.0
Amrabat,C,5.75,2,0.0,0.0,0.0,0.0,0.0,0.0,0.0,2.88
Andersen M.k.,C,5.0,3,1.0,0.0,0.0,0.0,0.0,0.0,0.0,3.75
Angelino,D,5.83,3,0.0,0.0,0.0,0.0,0.0,0.0,0.0,4.37
Anghele',A,0.0,1,0.0,0.0,0.0,0.0,0.0,0.0,0.0,0.0
Anjorin,C,6.0,1,0.0,0.0,0.0,0.0,0.0,0.0,0.0,1.5
Arnautovic,A,4.0,3,0.0,0.0,0.0,0.0,0.0,0.0,0.0,3.0
Asllani,C,3.0,4,0.0,0.0,0.0,0.0,0.0,0.0,0.0,3.0
Audero,P,4.0,1,0.0,2.0,0.0,0.0,0.0,0.0,0.0,1.0
Augello,D,5.62,4,0.0,0.0,0.0,0.0,0.0,0.0,0.0,5.62
Azzi,D,6.0,4,0.0,0.0,0.0,0.0,0.0,1.0,0.0,6.0
Badelj,C,6.17,3,0.0,0.0,0.0,0.0,0.0,0.0,0.0,4.63
Bakker,D,6.0,1,0.0,0.0,0.0,0.0,0.0,0.0,0.0,1.5
Baldanzi,C,6.5,3,0.0,0.0,0.0,0.0,0.0,0.0,0.0,4.88
Balogh,D,6.12,4,0.0,0.0,0.0,0.0,0.0,1.0,0.0,6.12
Banda,A,5.67,3,0.0,0.0,0.0,0.0,0.0,1.0,0.0,4.25
Bani,D,5.75,2,0.0,0.0,0.0,0.0,0.0,0.0,0.0,2.88
Barak,C,5.5,1,0.0,0.0,0.0,0.0,0.0,0.0,0.0,1.38
Barba,D,5.0,2,0.0,0.0,0.0,0.0,0.0,0.0,0.0,2.5
Barella,C,8.33,3,1.0,0.0,0.0,0.0,0.0,0.0,0.0,6.25
Baschirotto,D,5.62,4,0.0,0.0,0.0,0.0,0.0,0.0,0.0,5.62
Baselli,C,6.0,1,0.0,0.0,0.0,0.0,0.0,0.0,0.0,1.5
Bastoni,D,6.5,3,0.0,0.0,0.0,0.0,0.0,0.0,0.0,4.88
Belahyane,C,5.67,3,0.0,0.0,0.0,0.0,0.0,1.0,0.0,4.25
Bellanova,D,6.17,3,0.0,0.0,0.0,0.0,0.0,0.0,0.0,4.63
Belotti,A,5.5,3,0.0,0.0,0.0,0.0,0.0,0.0,0.0,4.12
Beltran L.,A,0.0,1,0.0,0.0,0.0,0.0,0.0,0.0,0.0,0.0
Bennacer,C,6.5,1,0.0,0.0,0.0,0.0,0.0,0.0,0.0,1.62
Berisha M.,C,2.0,3,0.0,0.0,0.0,0.0,0.0,0.0,0.0,1.5
Bernabe',C,6.25,4,0.0,0.0,0.0,0.0,0.0,0.0,0.0,6.25
Beukema,D,6.0,4,0.0,0.0,0.0,0.0,0.0,0.0,0.0,6.0
Bianco,C,6.0,2,0.0,0.0,0.0,0.0,0.0,0.0,0.0,3.0
Bijol,D,6.5,3,0.0,0.0,0.0,0.0,0.0,0.0,0.0,4.88
Biraghi,D,7.0,3,1.0,0.0,0.0,0.0,0.0,0.0,0.0,5.25
Birindelli,D,5.75,2,0.0,0.0,0.0,0.0,0.0,0.0,0.0,2.88
Bisseck,D,4.5,1,0.0,0.0,0.0,0.0,0.0,0.0,0.0,1.12
Bohinen,C,0.0,1,0.0,0.0,0.0,0.0,0.0,0.0,0.0,0.0
Bondo,C,6.17,3,0.0,0.0,0.0,0.0,0.0,0.0,0.0,4.63
Bonny,A,8.5,4,1.0,0.0,0.0,0.0,0.0,0.0,0.0,8.5
Bove,C,5.5,1,0.0,0.0,0.0,0.0,0.0,1.0,0.0,1.38
Braunoder,C,3.67,3,0.0,0.0,0.0,0.0,0.0,1.0,0.0,2.75
Bremer,D,6.33,3,0.0,0.0,0.0,0.0,0.0,1.0,0.0,4.75
Brenner,A,4.17,3,0.0,0.0,0.0,0.0,0.0,0.0,0.0,3.13
Brescianini,C,7.88,4,2.0,0.0,0.0,0.0,0.0,0.0,0.0,7.88
Buongiorno,D,7.5,3,1.0,0.0,0.0,0.0,0.0,0.0,0.0,5.62
Busio,C,5.0,1,0.0,0.0,0.0,0.0,0.0,0.0,0.0,1.25
Cabal,D,6.75,2,0.0,0.0,0.0,0.0,0.0,0.0,0.0,3.38
Cacace,D,3.83,3,0.0,0.0,0.0,0.0,0.0,1.0,0.0,2.87
Calabria,D,5.25,2,0.0,0.0,0.0,0.0,0.0,0.0,0.0,2.62
Caldirola,D,5.5,2,0.0,0.0,0.0,0.0,0.0,0.0,0.0,2.75
Calhanoglu,C,7.33,3,0.0,0.0,0.0,0.0,0.0,0.0,0.0,5.5
Camara D.,C,3.0,2,0.0,0.0,0.0,0.0,0.0,0.0,0.0,1.5
Cambiaghi,A,6.0,1,0.0,0.0,0.0,0.0,0.0,0.0,0.0,1.5
Cambiaso,D,7.0,3,1.0,0.0,0.0,0.0,0.0,1.0,0.0,5.25
Cancellieri,A,6.88,4,1.0,0.0,0.0,0.0,0.0,0.0,0.0,6.88
Candela,D,5.83,3,0.0,0.0,0.0,0.0,0.0,0.0,0.0,4.37
Caprari,A,5.83,3,0.0,0.0,0.0,0.0,0.0,0.0,0.0,4.37
Caputo,A,0.0,1,0.0,0.0,0.0,0.0,0.0,0.0,0.0,0.0
Carboni A.,D,6.0,1,0.0,0.0,0.0,0.0,0.0,0.0,0.0,1.5
Carboni F.,D,0.0,1,0.0,0.0,0.0,0.0,0.0,0.0,0.0,0.0
Carlos Augusto,D,6.38,4,0.0,0.0,0.0,0.0,0.0,0.0,0.0,6.38
Carnesecchi,P,3.67,3,0.0,8.0,0.0,0.0,0.0,0.0,0.0,2.75
Casale,D,5.33,3,0.0,0.0,0.0,0.0,1.0,0.0,0.0,4.0
Cassa,C,3.0,2,0.0,0.0,0.0,0.0,0.0,0.0,0.0,1.5
Castellanos,A,9.0,4,3.0,0.0,0.0,0.0,0.0,1.0,0.0,9.0
Castro S.,A,7.25,4,1.0,0.0,0.0,0.0,0.0,0.0,0.0,7.25
Castrovilli,C,3.0,2,0.0,0.0,0.0,0.0,0.0,0.0,0.0,1.5
Cataldi,C,5.5,1,0.0,0.0,0.0,0.0,0.0,0.0,0.0,1.38
Celik,D,5.67,3,0.0,0.0,0.0,0.0,0.0,0.0,0.0,4.25
Cerri,A,5.25,2,0.0,0.0,0.0,0.0,0.0,0.0,0.0,2.62
Charpentier,A,5.5,1,0.0,0.0,0.0,0.0,0.0,0.0,0.0,1.38
Cheddira,A,0.0,1,0.0,0.0,0.0,0.0,0.0,0.0,0.0,0.0
Chichizola,P,2.0,1,0.0,3.0,0.0,0.0,0.0,0.0,0.0,0.5
Chukwueze,C,2.75,4,0.0,0.0,0.0,0.0,0.0,0.0,0.0,2.75
Ciammaglichella,C,0.0,1,0.0,0.0,0.0,0.0,0.0,0.0,0.0,0.0
Circati,D,5.62,4,0.0,0.0,0.0,0.0,0.0,1.0,0.0,5.62
Cisse' A.,C,0.0,1,0.0,0.0,0.0,0.0,0.0,0.0,0.0,0.0
Coco,D,7.12,4,1.0,0.0,0.0,0.0,0.0,0.0,0.0,7.12
Colombo,A,7.0,4,0.0,0.0,0.0,0.0,0.0,0.0,0.0,7.0
Colpani,C,5.67,3,0.0,0.0,0.0,0.0,0.0,0.0,0.0,4.25
Comuzzo,D,5.75,2,0.0,0.0,0.0,0.0,0.0,0.0,0.0,2.88
Coppola D.,D,5.83,3,0.0,0.0,0.0,0.0,0.0,1.0,0.0,4.37
Correa,A,6.0,1,0.0,0.0,0.0,0.0,0.0,0.0,0.0,1.5
Coulibaly L.,C,4.25,4,0.0,0.0,0.0,0.0,0.0,0.0,0.0,4.25
Coulibaly W.,D,5.88,4,0.0,0.0,0.0,0.0,0.0,0.0,0.0,5.88
Cristante,C,6.17,3,0.0,0.0,0.0,0.0,0.0,0.0,0.0,4.63
Crnigoj,C,6.0,1,0.0,0.0,0.0,0.0,0.0,0.0,0.0,1.5
Cutrone,A,8.5,3,2.0,0.0,0.0,0.0,0.0,0.0,0.0,6.38
Cyprien,C,5.75,2,0.0,0.0,0.0,0.0,0.0,0.0,0.0,2.88
Da Cunha,C,5.83,3,0.0,0.0,0.0,0.0,0.0,0.0,0.0,4.37
Dallinga,A,3.5,3,0.0,0.0,0.0,0.0,0.0,0.0,0.0,2.62
Dani Silva,C,2.75,2,0.0,0.0,0.0,0.0,0.0,0.0,0.0,1.38
Daniliuc,D,5.0,1,0.0,0.0,0.0,0.0,0.0,0.0,0.0,1.25
Danilo,D,0.0,1,0.0,0.0,0.0,0.0,0.0,0.0,0.0,0.0
Darmian,D,7.0,4,1.0,0.0,0.0,0.0,0.0,0.0,0.0,7.0
Davis K.,A,2.5,3,0.0,0.0,0.0,0.0,0.0,1.0,0.0,1.88
Dawidowicz,D,5.67,3,0.0,0.0,0.0,0.0,0.0,0.0,0.0,4.25
De Gea,P,3.5,1,0.0,3.0,0.0,0.0,0.0,0.0,0.0,0.88
De Ketelaere,A,5.62,4,1.0,0.0,0.0,0.0,0.0,0.0,0.0,5.62
De Roon,C,5.5,4,0.0,0.0,0.0,0.0,0.0,2.0,0.0,5.5
De Silvestri,D,0.0,1,0.0,0.0,0.0,0.0,0.0,0.0,0.0,0.0
De Vrij,D,6.0,1,0.0,0.0,0.0,0.0,0.0,0.0,0.0,1.5
De Winter,D,6.5,3,1.0,0.0,0.0,0.0,0.0,2.0,0.0,4.88
Deiola,C,5.62,4,0.0,0.0,0.0,0.0,0.0,1.0,0.0,5.62
Dele-Bashiru,C,4.33,3,0.0,0.0,0.0,0.0,0.0,0.0,0.0,3.25
Delprato,D,6.5,3,1.0,2.0,0.0,0.0,0.0,1.0,0.0,4.88
Dembele' A.,D,3.83,3,0.0,0.0,0.0,0.0,0.0,1.0,0.0,2.87
Di Gregorio,P,6.0,2,0.0,0.0,0.0,0.0,0.0,0.0,0.0,3.0
Di Lorenzo,D,7.5,4,2.0,0.0,0.0,0.0,0.0,0.0,0.0,7.5
Dia,A,8.67,3,2.0,0.0,0.0,0.0,0.0,0.0,0.0,6.5
Dimarco,D,6.25,4,0.0,0.0,0.0,0.0,0.0,0.0,0.0,6.25
Djimsiti,D,4.75,4,0.0,0.0,0.0,0.0,1.0,1.0,0.0,4.75
Djuric,A,5.75,2,0.0,0.0,0.0,0.0,0.0,0.0,0.0,2.88
Dodo',D,6.17,3,0.0,0.0,0.0,0.0,0.0,0.0,0.0,4.63
Dorgu,D,5.0,3,0.0,0.0,0.0,0.0,0.0,0.0,1.0,3.75
Dossena,D,6.75,2,0.0,0.0,0.0,0.0,0.0,0.0,0.0,3.38
Douglas Luiz,C,5.83,3,0.0,0.0,0.0,0.0,0.0,0.0,0.0,4.37
Doumbia I.,C,3.83,3,0.0,0.0,0.0,0.0,0.0,0.0,0.0,2.87
Dovbyk,A,7.0,3,1.0,0.0,0.0,0.0,0.0,0.0,0.0,5.25
Duda,C,6.25,2,0.0,0.0,0.0,0.0,0.0,2.0,0.0,3.12
Dumfries,D,7.17,3,1.0,0.0,0.0,0.0,0.0,1.0,0.0,5.38
Duncan,C,5.62,4,0.0,0.0,0.0,0.0,0.0,1.0,0.0,5.62
Dybala,A,6.0,3,0.0,0.0,0.0,0.0,0.0,0.0,0.0,4.5
Ederson D.s.,C,6.25,4,0.0,0.0,0.0,0.0,0.0,1.0,0.0,6.25
Ehizibue,D,6.0,3,0.0,0.0,0.0,0.0,0.0,2.0,0.0,4.5
Ekhator,A,0.0,2,0.0,0.0,0.0,0.0,0.0,0.0,0.0,0.0
Ekkelenkamp,C,6.17,3,0.0,0.0,0.0,0.0,0.0,0.0,0.0,4.63
Ekong,A,2.0,3,0.0,0.0,0.0,0.0,0.0,0.0,0.0,1.5
Ekuban,A,5.75,2,0.0,0.0,0.0,0.0,0.0,0.0,0.0,2.88
El Haddad,C,6.0,1,0.0,0.0,0.0,0.0,0.0,0.0,0.0,1.5
El Shaarawy,C,2.75,2,0.0,0.0,0.0,0.0,0.0,0.0,0.0,1.38
Ellertsson,C,6.5,3,0.0,0.0,0.0,0.0,0.0,0.0,0.0,4.88
Emerson Royal,D,5.17,3,0.0,0.0,0.0,0.0,0.0,1.0,0.0,3.88
Engelhardt,C,4.5,1,0.0,0.0,0.0,0.0,0.0,1.0,0.0,1.12
Erlic,D,6.5,2,0.0,0.0,0.0,0.0,0.0,0.0,0.0,3.25
Esposito Se.,A,6.12,4,0.0,0.0,0.0,0.0,0.0,0.0,0.0,6.12
Estevez,C,5.5,2,0.0,0.0,0.0,0.0,0.0,1.0,0.0,2.75
Fabbian,C,5.62,4,1.0,0.0,0.0,0.0,0.0,0.0,0.0,5.62
Fadera,C,6.0,1,0.0,0.0,0.0,0.0,0.0,0.0,0.0,1.5
Fagioli,C,5.67,3,0.0,0.0,0.0,0.0,0.0,0.0,0.0,4.25
Falcone,P,4.62,4,0.0,6.0,0.0,0.0,0.0,1.0,0.0,4.62
Faraoni,D,5.5,1,0.0,0.0,0.0,0.0,0.0,0.0,0.0,1.38
Fazzini,C,6.5,3,0.0,0.0,0.0,0.0,0.0,1.0,0.0,4.88
Felici,C,6.0,1,0.0,0.0,0.0,0.0,0.0,0.0,0.0,1.5
Fofana Y.,C,6.83,3,1.0,0.0,0.0,0.0,0.0,1.0,0.0,5.12
Frattesi,C,4.75,4,0.0,0.0,0.0,0.0,0.0,0.0,0.0,4.75
Frendrup,C,6.33,3,0.0,0.0,0.0,0.0,0.0,0.0,0.0,4.75
Frese,D,5.75,2,0.0,0.0,0.0,0.0,0.0,0.0,0.0,2.88
Freuler,C,6.12,4,0.0,0.0,0.0,0.0,0.0,0.0,0.0,6.12
Gabbia,D,6.0,1,0.0,0.0,0.0,0.0,0.0,1.0,0.0,1.5
Gabrielloni,A,6.0,1,0.0,0.0,0.0,0.0,0.0,0.0,0.0,1.5
Gaetano,C,6.0,1,0.0,0.0,0.0,0.0,0.0,0.0,0.0,1.5
Gagliardini,C,5.75,2,0.0,0.0,0.0,0.0,0.0,0.0,0.0,2.88
Gallo,D,5.62,4,0.0,0.0,0.0,0.0,0.0,1.0,0.0,5.62
Gaspar K.,D,6.25,4,0.0,0.0,0.0,0.0,0.0,0.0,0.0,6.25
Gatti,D,6.5,3,0.0,0.0,0.0,0.0,0.0,0.0,0.0,4.88
Gendrey,D,5.25,2,0.0,0.0,0.0,0.0,0.0,0.0,0.0,2.62
Giannetti L.,D,6.67,3,1.0,0.0,0.0,0.0,0.0,3.0,0.0,5.0
Gila,D,5.0,1,0.0,0.0,0.0,0.0,0.0,1.0,0.0,1.25
Gilmour,C,6.0,1,0.0,0.0,0.0,0.0,0.0,0.0,0.0,1.5
Gineitis,C,0.0,1,0.0,0.0,0.0,0.0,0.0,0.0,0.0,0.0
Godfrey,D,6.0,1,0.0,0.0,0.0,0.0,0.0,0.0,0.0,1.5
Goglichidze,D,6.75,2,0.0,0.0,0.0,0.0,0.0,0.0,0.0,3.38
Goldaniga,D,3.5,3,0.0,0.0,0.0,0.0,0.0,1.0,0.0,2.62
Gollini,P,5.0,3,0.0,3.0,0.0,0.0,0.0,1.0,0.0,3.75
Gonzalez N.,A,5.5,1,0.0,0.0,0.0,0.0,0.0,0.0,0.0,1.38
Gosens,D,6.5,1,0.0,0.0,0.0,0.0,0.0,0.0,0.0,1.62
Grassi,C,6.0,2,0.0,0.0,0.0,0.0,0.0,0.0,0.0,3.0
Guendouzi,C,5.62,4,0.0,0.0,0.0,0.0,0.0,1.0,0.0,5.62
Guilbert,D,6.5,2,0.0,0.0,0.0,0.0,0.0,0.0,0.0,3.25
Gyasi,C,8.12,4,2.0,0.0,0.0,0.0,0.0,0.0,0.0,8.12
Gytkjaer,A,5.5,3,0.0,0.0,0.0,0.0,0.0,0.0,0.0,4.12
Haas,C,3.0,4,0.0,0.0,0.0,0.0,0.0,0.0,0.0,3.0
Hainaut,C,2.75,2,0.0,0.0,0.0,0.0,0.0,0.0,0.0,1.38
Haps,D,5.0,1,0.0,0.0,0.0,0.0,0.0,1.0,0.0,1.25
Harroui,C,6.0,3,0.0,0.0,0.0,0.0,0.0,0.0,0.0,4.5
Henderson L.,C,6.25,4,0.0,0.0,0.0,0.0,0.0,1.0,0.0,6.25
Hermoso,D,5.5,1,0.0,0.0,0.0,0.0,0.0,0.0,0.0,1.38
Hernandez T.,D,7.0,4,1.0,0.0,0.0,0.0,0.0,0.0,0.0,7.0
Hernani,C,6.0,1,0.0,0.0,0.0,0.0,0.0,0.0,0.0,1.5
Hien,D,5.33,3,0.0,0.0,0.0,0.0,0.0,2.0,0.0,4.0
Hysaj,D,0.0,2,0.0,0.0,0.0,0.0,0.0,0.0,0.0,0.0
Idzes,D,6.33,3,0.0,0.0,0.0,0.0,0.0,0.0,0.0,4.75
Ikone',C,5.75,2,0.0,0.0,0.0,0.0,0.0,0.0,0.0,2.88
Ilic,C,7.0,4,1.0,0.0,0.0,0.0,0.0,1.0,0.0,7.0
Iling Junior,C,10.0,1,1.0,0.0,0.0,0.0,0.0,0.0,0.0,2.5
Iovine,D,5.5,2,0.0,0.0,0.0,0.0,0.0,1.0,0.0,2.75
Isaksen,A,7.0,4,1.0,0.0,0.0,0.0,0.0,0.0,0.0,7.0
Ismajli,D,6.62,4,0.0,0.0,0.0,0.0,0.0,0.0,0.0,6.62
Izzo,D,6.17,3,0.0,0.0,0.0,0.0,0.0,1.0,0.0,4.63
Jean,D,6.0,1,0.0,0.0,0.0,0.0,0.0,0.0,0.0,1.5
Joronen,P,3.75,4,0.0,8.0,0.0,0.0,0.0,0.0,0.0,3.75
Jovic,A,2.25,2,0.0,0.0,0.0,0.0,0.0,1.0,0.0,1.12
Juan Jesus,D,4.5,1,0.0,0.0,0.0,0.0,0.0,0.0,0.0,1.12
Kabasele,D,6.0,2,0.0,0.0,0.0,0.0,0.0,0.0,0.0,3.0
Kalulu,D,3.0,2,0.0,0.0,0.0,0.0,0.0,0.0,0.0,1.5
Kamara H.,D,6.0,3,0.0,0.0,0.0,0.0,0.0,0.0,1.0,4.5
Karamoh,A,4.0,3,0.0,0.0,0.0,0.0,0.0,0.0,0.0,3.0
Karlsson,C,5.5,2,0.0,0.0,0.0,0.0,0.0,0.0,0.0,2.75
Karlstrom,C,6.0,3,0.0,0.0,0.0,0.0,0.0,0.0,0.0,4.5
Kastanos,C,6.0,2,0.0,0.0,0.0,0.0,0.0,0.0,0.0,3.0
Kayode,D,6.0,1,0.0,0.0,0.0,0.0,0.0,0.0,0.0,1.5
Kean,A,7.33,3,1.0,0.0,0.0,0.0,0.0,0.0,0.0,5.5
Keita M.,C,3.0,1,0.0,0.0,0.0,0.0,0.0,0.0,1.0,0.75
Kempf,D,6.0,1,0.0,0.0,0.0,0.0,0.0,0.0,0.0,1.5
Kolasinac,D,5.5,1,0.0,0.0,0.0,0.0,0.0,0.0,0.0,1.38
Kone' M.,C,6.5,1,0.0,0.0,0.0,0.0,0.0,0.0,0.0,1.62
Koopmeiners,C,5.5,1,0.0,0.0,0.0,0.0,0.0,0.0,0.0,1.38
Kouame',A,5.5,2,0.0,0.0,0.0,0.0,0.0,0.0,0.0,2.75
Kowalski,A,6.0,1,0.0,0.0,0.0,0.0,0.0,0.0,0.0,1.5
Kristensen T.,D,5.5,1,0.0,0.0,0.0,0.0,0.0,0.0,0.0,1.38
Krstovic,A,6.62,4,1.0,0.0,0.0,0.0,0.0,0.0,0.0,6.62
Kvaratskhelia,A,8.75,4,2.0,0.0,0.0,0.0,0.0,0.0,0.0,8.75
Kyriakopoulos,D,6.0,3,0.0,0.0,0.0,0.0,0.0,0.0,0.0,4.5
Lapadula,A,3.67,3,0.0,0.0,0.0,0.0,0.0,1.0,0.0,2.75
Lazaro,D,5.88,4,0.0,0.0,0.0,0.0,0.0,1.0,0.0,5.88
Lazovic,C,6.83,3,0.0,0.0,0.0,0.0,0.0,0.0,0.0,5.12
Lazzari,D,6.12,4,0.0,0.0,0.0,0.0,0.0,0.0,0.0,6.12
Le Fee,C,6.0,2,0.0,0.0,0.0,0.0,0.0,0.0,0.0,3.0
Leao,A,7.5,4,1.0,0.0,0.0,0.0,0.0,0.0,0.0,7.5
Lella,C,0.0,1,0.0,0.0,0.0,0.0,0.0,0.0,0.0,0.0
Linetty,C,5.62,4,0.0,0.0,0.0,0.0,0.0,1.0,0.0,5.62
Lobotka,C,5.62,4,0.0,0.0,0.0,0.0,0.0,2.0,0.0,5.62
Locatelli,C,6.33,3,0.0,0.0,0.0,0.0,0.0,1.0,0.0,4.75
Loftus-Cheek,C,5.88,4,0.0,0.0,0.0,0.0,0.0,1.0,0.0,5.88
Lookman,A,12.0,1,1.0,0.0,0.0,0.0,0.0,0.0,0.0,3.0
Lovric,C,5.5,3,0.0,0.0,0.0,0.0,0.0,0.0,0.0,4.12
Lucca,A,8.33,3,2.0,0.0,0.0,0.0,0.0,1.0,0.0,6.25
Lucumi',D,5.5,3,0.0,0.0,0.0,0.0,0.0,1.0,0.0,4.12
Lukaku,A,11.0,2,2.0,0.0,0.0,0.0,0.0,1.0,0.0,5.5
Luperto,D,6.38,4,0.0,0.0,0.0,0.0,0.0,0.0,0.0,6.38
Luvumbo,A,5.75,4,0.0,0.0,0.0,0.0,0.0,0.0,0.0,5.75
Lykogiannis,D,6.0,2,0.0,0.0,0.0,0.0,0.0,0.0,0.0,3.0
Magnani,D,5.75,2,0.0,0.0,0.0,0.0,0.0,0.0,0.0,2.88
Maignan,P,4.88,4,0.0,6.0,0.0,0.0,0.0,0.0,0.0,4.88
Makoumbou,C,0.0,1,0.0,0.0,0.0,0.0,0.0,0.0,0.0,0.0
Maldini,C,5.67,3,0.0,0.0,0.0,0.0,0.0,1.0,0.0,4.25
Maleh,C,6.0,4,0.0,0.0,0.0,0.0,0.0,1.0,0.0,6.0
Malinovskyi,C,6.17,3,0.0,0.0,0.0,0.0,0.0,1.0,0.0,4.63
Man,C,8.5,4,2.0,0.0,0.0,0.0,0.0,0.0,0.0,8.5
Mancini,D,6.33,3,0.0,0.0,0.0,0.0,0.0,0.0,0.0,4.75
Mandragora,C,4.0,3,0.0,0.0,0.0,0.0,0.0,2.0,0.0,3.0
Manzoni,C,0.0,1,0.0,0.0,0.0,0.0,0.0,0.0,0.0,0.0
Marchwinski,C,0.0,1,0.0,0.0,0.0,0.0,0.0,0.0,0.0,0.0
Mari',D,5.83,3,0.0,0.0,0.0,0.0,0.0,1.0,0.0,4.37
Marin,C,5.5,4,0.0,0.0,0.0,0.0,0.0,2.0,0.0,5.5
Martin,D,6.67,3,0.0,0.0,0.0,0.0,0.0,0.0,0.0,5.0
Martinez L.,A,5.67,3,0.0,0.0,0.0,0.0,0.0,0.0,0.0,4.25
Martinez Quarta,D,4.83,3,1.0,0.0,0.0,0.0,0.0,0.0,0.0,3.62
Marusic,D,4.12,4,0.0,0.0,0.0,0.0,0.0,0.0,0.0,4.12
Masina,D,6.5,4,0.0,0.0,0.0,0.0,0.0,0.0,0.0,6.5
Mazzitelli,C,2.75,2,0.0,0.0,0.0,0.0,0.0,0.0,0.0,1.38
Mazzocchi,D,5.5,4,0.0,0.0,0.0,0.0,0.0,1.0,0.0,5.5
Mbangula,A,8.33,3,1.0,0.0,0.0,0.0,0.0,0.0,0.0,6.25
McTominay,C,6.0,1,0.0,0.0,0.0,0.0,0.0,0.0,0.0,1.5
Meret,P,5.62,4,0.0,4.0,0.0,0.0,0.0,0.0,0.0,5.62
Messias,C,6.5,2,1.0,0.0,0.0,1.0,0.0,0.0,0.0,3.25
Mihaila,A,6.12,4,0.0,0.0,0.0,0.0,0.0,1.0,0.0,6.12
Milinkovic-Savic V.,P,6.75,4,0.0,3.0,1.0,0.0,0.0,1.0,0.0,6.75
Mina,D,5.33,3,0.0,0.0,0.0,0.0,0.0,1.0,0.0,4.0
Miranda J.,D,4.25,4,0.0,0.0,0.0,0.0,0.0,0.0,0.0,4.25
Mkhitaryan,C,6.12,4,0.0,0.0,0.0,0.0,0.0,1.0,0.0,6.12
Montipo',P,4.67,3,0.0,5.0,0.0,0.0,0.0,0.0,0.0,3.5
Morata,A,7.5,2,1.0,0.0,0.0,0.0,0.0,1.0,0.0,3.75
Moreno Alb.,D,5.0,3,0.0,0.0,0.0,0.0,0.0,2.0,0.0,3.75
Moro N.,C,5.67,3,0.0,0.0,0.0,0.0,0.0,0.0,0.0,4.25
Mosquera,A,8.17,3,2.0,0.0,0.0,0.0,0.0,0.0,0.0,6.13
Mota,A,6.83,3,1.0,0.0,0.0,0.0,0.0,1.0,0.0,5.12
Musah,C,6.25,4,0.0,0.0,0.0,0.0,0.0,0.0,0.0,6.25
Musso,P,6.0,1,0.0,0.0,0.0,0.0,0.0,0.0,0.0,1.5
Mutandwa,A,6.0,1,0.0,0.0,0.0,0.0,0.0,0.0,0.0,1.5
N'Dicka,D,6.0,3,0.0,0.0,0.0,0.0,0.0,0.0,0.0,4.5
Ndoye,C,6.0,3,0.0,0.0,0.0,0.0,0.0,0.0,0.0,4.5
Neres,C,7.67,3,0.0,0.0,0.0,0.0,0.0,0.0,0.0,5.75
Ngonge,A,6.0,1,0.0,0.0,0.0,0.0,0.0,0.0,0.0,1.5
Nicolussi Caviglia,C,5.5,3,0.0,0.0,0.0,0.0,0.0,0.0,1.0,4.12
Noslin,A,3.0,4,0.0,0.0,0.0,0.0,0.0,0.0,0.0,3.0
Obert,D,0.0,1,0.0,0.0,0.0,0.0,0.0,0.0,0.0,0.0
Odgaard,A,4.25,4,0.0,0.0,0.0,0.0,0.0,0.0,0.0,4.25
Okafor,A,6.75,4,1.0,0.0,0.0,0.0,0.0,0.0,0.0,6.75
Okoye,P,4.83,3,0.0,4.0,0.0,0.0,0.0,1.0,0.0,3.62
Olivera,D,5.75,4,0.0,0.0,0.0,0.0,0.0,0.0,0.0,5.75
Oristanio,C,5.5,4,0.0,0.0,0.0,0.0,0.0,1.0,0.0,5.5
Orsolini,C,6.62,4,0.0,0.0,0.0,0.0,0.0,0.0,0.0,6.62
Osorio,D,5.5,1,0.0,0.0,0.0,0.0,0.0,0.0,0.0,1.38
Oudin,C,6.25,2,0.0,0.0,0.0,0.0,0.0,0.0,0.0,3.12
Palestra,D,2.0,3,0.0,0.0,0.0,0.0,0.0,0.0,0.0,1.5
Palomino,D,6.0,2,0.0,0.0,0.0,0.0,0.0,0.0,0.0,3.0
Paredes,C,4.0,1,0.0,0.0,0.0,0.0,0.0,0.0,0.0,1.0
Parisi,D,6.0,2,0.0,0.0,0.0,0.0,0.0,0.0,0.0,3.0
Pasalic,C,5.12,4,0.0,0.0,0.0,1.0,0.0,1.0,0.0,5.12
Patric,D,5.0,2,0.0,0.0,0.0,0.0,0.0,1.0,0.0,2.5
Pavard,D,6.17,3,0.0,0.0,0.0,0.0,0.0,1.0,0.0,4.63
Pavlovic,D,7.33,3,1.0,0.0,0.0,0.0,0.0,1.0,0.0,5.5
Pavoletti,A,1.5,4,0.0,0.0,0.0,0.0,0.0,0.0,0.0,1.5
Payero,C,5.5,3,0.0,0.0,0.0,0.0,0.0,1.0,0.0,4.12
Paz N.,C,6.75,2,0.0,0.0,0.0,0.0,0.0,0.0,0.0,3.38
Pedersen,D,5.5,2,0.0,0.0,0.0,0.0,0.0,1.0,0.0,2.75
Pedro,A,0.0,1,0.0,0.0,0.0,0.0,0.0,0.0,0.0,0.0
Pellegri,A,5.5,2,0.0,0.0,0.0,0.0,0.0,1.0,0.0,2.75
Pellegrini Lo.,C,5.5,3,0.0,0.0,0.0,0.0,0.0,1.0,0.0,4.12
Pereira P.,D,3.0,2,0.0,0.0,0.0,0.0,0.0,0.0,0.0,1.5
Perez N.,D,6.25,2,0.0,0.0,0.0,0.0,0.0,0.0,0.0,3.12
Perin,P,6.0,1,0.0,0.0,0.0,0.0,0.0,0.0,0.0,1.5
Perrone,C,6.0,2,0.0,0.0,0.0,0.0,0.0,0.0,0.0,3.0
Pessina,C,5.83,3,0.0,0.0,0.0,0.0,0.0,0.0,0.0,4.37
Petagna,A,5.25,2,0.0,0.0,0.0,0.0,0.0,0.0,0.0,2.62
Pezzella Giu.,D,6.62,4,0.0,0.0,0.0,0.0,0.0,1.0,0.0,6.62
Piccoli,A,6.62,4,1.0,0.0,0.0,0.0,0.0,0.0,0.0,6.62
Pierini,A,5.75,2,0.0,0.0,0.0,0.0,0.0,0.0,0.0,2.88
Pierotti,A,5.5,4,0.0,0.0,0.0,0.0,0.0,0.0,0.0,5.5
Pierret,C,5.62,4,0.0,0.0,0.0,0.0,0.0,1.0,0.0,5.62
Pinamonti,A,7.75,2,1.0,0.0,0.0,0.0,0.0,0.0,0.0,3.88
Pisilli,C,5.5,1,0.0,0.0,0.0,0.0,0.0,1.0,0.0,1.38
Pizzignacco,P,5.75,2,0.0,1.0,0.0,0.0,0.0,0.0,0.0,2.88
Pobega,C,5.0,1,0.0,0.0,0.0,0.0,0.0,1.0,0.0,1.25
Pohjanpalo,A,5.5,2,0.0,0.0,0.0,0.0,0.0,0.0,0.0,2.75
Politano,C,5.75,4,0.0,0.0,0.0,0.0,0.0,0.0,0.0,5.75
Pongracic,D,1.75,2,0.0,0.0,0.0,0.0,0.0,0.0,1.0,0.88
Posch,D,5.25,4,0.0,0.0,0.0,0.0,0.0,1.0,0.0,5.25
Prati,C,5.67,3,0.0,0.0,0.0,0.0,0.0,1.0,0.0,4.25
Provedel,P,4.25,4,0.0,6.0,0.0,0.0,0.0,0.0,0.0,4.25
Pulisic,C,8.38,4,1.0,0.0,0.0,0.0,0.0,0.0,0.0,8.38
Rafia,C,5.33,3,0.0,0.0,0.0,0.0,0.0,1.0,0.0,4.0
Raimondo,A,1.5,4,0.0,0.0,0.0,0.0,0.0,0.0,0.0,1.5
Ramadani,C,6.12,4,0.0,0.0,0.0,0.0,0.0,0.0,0.0,6.12
Ranieri L.,D,5.0,2,0.0,0.0,0.0,0.0,0.0,0.0,0.0,2.5
Raspadori,A,5.0,3,0.0,0.0,0.0,0.0,0.0,1.0,0.0,3.75
Rebic,A,3.25,2,0.0,0.0,0.0,0.0,0.0,0.0,0.0,1.62
Reijnders,C,6.12,4,0.0,0.0,0.0,0.0,0.0,0.0,0.0,6.12
Reina,P,4.0,2,0.0,4.0,0.0,0.0,0.0,0.0,0.0,2.0
Retegui,A,9.5,4,3.0,0.0,0.0,0.0,0.0,1.0,0.0,9.5
Ricci S.,C,6.12,4,0.0,0.0,0.0,0.0,0.0,1.0,0.0,6.12
Richardson,C,5.5,2,0.0,0.0,0.0,0.0,0.0,1.0,0.0,2.75
Rocha Livramento,A,7.5,2,1.0,0.0,0.0,0.0,0.0,0.0,0.0,3.75
Romagnoli,D,5.5,4,0.0,0.0,0.0,0.0,0.0,1.0,0.0,5.5
Rouhi,D,0.0,1,0.0,0.0,0.0,0.0,0.0,0.0,0.0,0.0
Rovella,C,5.67,3,0.0,0.0,0.0,0.0,0.0,2.0,0.0,4.25
Rrahmani,D,5.75,4,0.0,0.0,0.0,0.0,0.0,1.0,0.0,5.75
Ruggeri,D,6.25,4,0.0,0.0,0.0,0.0,0.0,0.0,0.0,6.25
Sabelli,D,6.33,3,0.0,0.0,0.0,0.0,0.0,0.0,0.0,4.75
Saelemaekers,C,5.5,2,0.0,0.0,0.0,0.0,0.0,1.0,0.0,2.75
Sagrado,D,5.5,1,0.0,0.0,0.0,0.0,0.0,1.0,0.0,1.38
Sala M.,D,4.5,1,0.0,0.0,0.0,0.0,0.0,1.0,0.0,1.12
Samardzic,C,5.75,2,0.0,0.0,0.0,0.0,0.0,0.0,0.0,2.88
Sanabria,A,6.0,2,0.0,0.0,0.0,0.0,0.0,0.0,0.0,3.0
Sarr A.,A,0.0,1,0.0,0.0,0.0,0.0,0.0,0.0,0.0,0.0
Savona,D,8.0,2,1.0,0.0,0.0,0.0,0.0,0.0,0.0,4.0
Sazonov,D,5.0,1,0.0,0.0,0.0,0.0,0.0,0.0,0.0,1.25
Schingtienne,D,4.0,1,0.0,0.0,0.0,0.0,0.0,1.0,0.0,1.0
Scuffet,P,4.38,4,0.0,6.0,0.0,0.0,0.0,0.0,0.0,4.38
Serdar,C,5.5,1,0.0,0.0,0.0,0.0,0.0,0.0,0.0,1.38
Sergi Roberto,D,6.25,2,0.0,0.0,0.0,0.0,0.0,0.0,0.0,3.12
Shomurodov,A,4.75,2,1.0,0.0,0.0,0.0,0.0,1.0,0.0,2.38
Simeone,A,6.5,4,1.0,0.0,0.0,0.0,0.0,0.0,0.0,6.5
Skorupski,P,5.25,4,0.0,7.0,1.0,0.0,0.0,0.0,0.0,5.25
Sohm,C,6.25,4,0.0,0.0,0.0,0.0,0.0,0.0,0.0,6.25
Solbakken,A,5.67,3,0.0,0.0,0.0,0.0,0.0,1.0,0.0,4.25
Sommer,P,6.0,4,0.0,3.0,1.0,0.0,0.0,0.0,0.0,6.0
Sosa B.,D,3.67,3,0.0,0.0,0.0,0.0,0.0,0.0,0.0,2.75
Sottil,C,3.67,3,0.0,0.0,0.0,0.0,0.0,0.0,0.0,2.75
Soule',A,5.5,2,0.0,0.0,0.0,0.0,0.0,0.0,0.0,2.75
Spinazzola,D,6.25,4,0.0,0.0,0.0,0.0,0.0,0.0,0.0,6.25
Stojanovic,D,0.0,1,0.0,0.0,0.0,0.0,0.0,0.0,0.0,0.0
Strefezza,C,6.83,3,0.0,0.0,0.0,0.0,0.0,0.0,0.0,5.12
Sulemana I.,C,0.0,1,0.0,0.0,0.0,0.0,0.0,0.0,0.0,0.0
Suslov,C,6.0,2,0.0,0.0,0.0,0.0,0.0,0.0,0.0,3.0
Suzuki,P,4.83,3,0.0,2.0,0.0,0.0,0.0,0.0,1.0,3.62
Sverko,D,5.83,3,0.0,0.0,0.0,0.0,0.0,0.0,0.0,4.37
Svilar,P,5.5,3,0.0,3.0,0.0,0.0,0.0,0.0,0.0,4.12
Svoboda,D,5.38,4,0.0,0.0,0.0,0.0,0.0,0.0,0.0,5.38
Tameze,C,5.88,4,0.0,0.0,0.0,0.0,0.0,1.0,0.0,5.88
Taremi,A,5.0,4,0.0,0.0,0.0,0.0,0.0,0.0,0.0,5.0
Tavares N.,D,8.25,2,0.0,0.0,0.0,0.0,0.0,0.0,0.0,4.12
Tchaouna,C,4.25,4,0.0,0.0,0.0,0.0,0.0,0.0,0.0,4.25
Tchatchoua,D,5.5,3,0.0,0.0,0.0,0.0,0.0,2.0,0.0,4.12
Tengstedt,A,6.83,3,1.0,0.0,0.0,0.0,0.0,1.0,0.0,5.12
Terracciano,P,5.75,2,0.0,1.0,0.0,0.0,0.0,0.0,0.0,2.88
Terracciano F.,D,4.5,1,0.0,0.0,0.0,0.0,0.0,1.0,0.0,1.12
Tete Morente,C,5.5,4,0.0,0.0,0.0,0.0,0.0,1.0,0.0,5.5
Thauvin,A,9.0,3,3.0,0.0,0.0,1.0,0.0,0.0,0.0,6.75
Thiaw,D,3.5,1,0.0,0.0,0.0,0.0,1.0,0.0,0.0,0.88
Thorsby,C,5.5,3,0.0,0.0,0.0,0.0,0.0,1.0,0.0,4.12
Thuram,A,9.75,4,4.0,0.0,0.0,0.0,0.0,0.0,0.0,9.75
Thuram K.,C,6.0,2,0.0,0.0,0.0,0.0,0.0,1.0,0.0,3.0
Toloi,D,5.5,1,0.0,0.0,0.0,0.0,0.0,0.0,0.0,1.38
Tomori,D,5.67,3,0.0,0.0,0.0,0.0,0.0,0.0,0.0,4.25
Turati,P,5.0,1,0.0,1.0,0.0,0.0,0.0,0.0,0.0,1.25
Urbanski,C,0.0,1,0.0,0.0,0.0,0.0,0.0,0.0,0.0,0.0
Valeri,D,4.5,3,0.0,0.0,0.0,0.0,0.0,0.0,0.0,3.38
Vasquez,D,6.0,3,0.0,0.0,0.0,0.0,0.0,0.0,0.0,4.5
Vasquez D.,P,6.0,4,0.0,2.0,0.0,0.0,0.0,1.0,0.0,6.0
Vecino,C,3.83,3,0.0,0.0,0.0,0.0,0.0,0.0,0.0,2.87
Verdi,C,5.0,1,0.0,0.0,0.0,0.0,0.0,1.0,0.0,1.25
Vignato S.,C,5.5,2,0.0,0.0,0.0,0.0,0.0,0.0,0.0,2.75
Viola,C,5.5,1,0.0,0.0,0.0,0.0,0.0,0.0,0.0,1.38
Viti,D,6.25,4,0.0,0.0,0.0,0.0,0.0,0.0,0.0,6.25
Vitinha O.,A,6.5,3,0.0,0.0,0.0,0.0,0.0,0.0,0.0,4.88
Vlahovic,A,8.5,3,1.0,0.0,0.0,0.0,0.0,0.0,0.0,6.38
Vogliacco,D,7.17,3,1.0,0.0,0.0,0.0,0.0,0.0,0.0,5.38
Vojvoda,D,5.88,4,0.0,0.0,0.0,0.0,0.0,2.0,0.0,5.88
Walukiewicz,D,4.25,4,0.0,0.0,0.0,0.0,0.0,1.0,0.0,4.25
Weah,C,8.0,2,1.0,0.0,0.0,0.0,0.0,0.0,0.0,4.0
Wieteska,D,6.5,1,0.0,0.0,0.0,0.0,0.0,0.0,0.0,1.62
Yeboah J.,C,6.0,1,0.0,0.0,0.0,0.0,0.0,0.0,0.0,1.5
Yildiz,A,7.5,3,0.0,0.0,0.0,0.0,0.0,0.0,0.0,5.62
Zaccagni,C,7.5,4,0.0,0.0,0.0,0.0,0.0,1.0,0.0,7.5
Zalewski,C,6.0,2,0.0,0.0,0.0,0.0,0.0,0.0,0.0,3.0
Zambo Anguissa,C,6.88,4,1.0,0.0,0.0,0.0,0.0,1.0,0.0,6.88
Zampano,D,5.75,4,0.0,0.0,0.0,0.0,0.0,1.0,0.0,5.75
Zaniolo,C,5.0,1,0.0,0.0,0.0,0.0,0.0,1.0,0.0,1.25
Zanoli,D,6.0,2,0.0,0.0,0.0,0.0,0.0,0.0,0.0,3.0
Zapata D.,A,7.0,4,1.0,0.0,0.0,0.0,0.0,1.0,0.0,7.0
Zappa,D,5.38,4,0.0,0.0,0.0,0.0,0.0,1.0,0.0,5.38
Zappacosta,D,6.0,4,0.0,0.0,0.0,0.0,0.0,1.0,0.0,6.0
Zarraga,C,6.25,2,0.0,0.0,0.0,0.0,0.0,0.0,0.0,3.12
Zemura,D,0.0,1,0.0,0.0,0.0,0.0,0.0,0.0,0.0,0.0
Zeroli,C,0.0,1,0.0,0.0,0.0,0.0,0.0,0.0,0.0,0.0
Zielinski,C,5.5,1,0.0,0.0,0.0,0.0,0.0,0.0,0.0,1.38
Zortea,D,6.0,1,0.0,0.0,0.0,0.0,0.0,0.0,0.0,1.5
