Calciatore,Squadra,Ruolo
Okoye,Udinese,P
Skorupski,Bologna,P
Vasquez D.,Empoli,P
Bisseck,Inter,D
Di Lorenzo,Napoli,D
Dumfries,Inter,D
Ehizibue,Udinese,D
Gaspar K.,Lecce,D
Ismajli,Empoli,D
Luperto,Cagliari,D
Martin,Genoa,D
Bernabe',Parma,C
Colpani,Fiorentina,C
Ederson D.s.,Atalanta,C
Fofana Y.,Milan,C
Lobotka,Napoli,C
Malinovskyi,Genoa,C
Mandragora,Fiorentina,C
Ricci S.,Torino,C
Castellanos,Lazio,A
Krstovic,Lecce,A
Lucca,Udinese,A
Pinamonti,Genoa,A
Rocha Livramento,Verona,A
Zapata D.,Torino,A
